{
  "name": "monaca-jquery-mobile",
  "version": "1.3.1",
  "description": "Dist version of jQuery Mobile for Monaca Component.",
  "main": "jquery.mobile.js",
  "monaca": {
    "main": [
      "jquery.mobile.js"
    ],
    "option": [
      "css/jquery.mobile.css",
      "css/jquery.mobile.structure.css",
      "css/jquery.mobile.theme.css"
    ]
  },
  "dependencies": {
    "monaca-jquery": "1.9.0"
  },
  "keywords": [
    "monaca"
  ],
  "authors": [
    "Monaca"
  ],
  "repository": {
    "type": "git",
    "url": "git://github.com:monaca/monaca-component-jquery-mobile.git"
  },
  "homepage": "http://monaca.mobi/",
  "ignore": [
    "**/.*",
    "node_modules",
    "test",
    "README.md"
  ],
  "_release": "1.3.1",
  "_resolution": {
    "type": "version",
    "tag": "1.3.1",
    "commit": "feda202a03322e98c76fb722a62ccd7d1ef44f21"
  },
  "_source": "https://github.com/monaca/monaca-component-jquery-mobile.git",
  "_target": "1.3.1",
  "_originalSource": "monaca-jquery-mobile",
  "_direct": true
}